GABONÁK ÉS GABONATERMÉKEK;Árpagyöngy (gersli);349 ;1460;9;1.4;75;11.9;1.2;1.5;0;0;250;100;2.5;0;0
GABONÁK ÉS GABONATERMÉKEK;Búza. hántolt (buris);343 ;1435;12.5;1;71.1;12.5;1.5;1.4;0;0;275;50;4;0;0
GABONÁK ÉS GABONATERMÉKEK;Búzadara;340 ;1422;9.4;1;73.4;14.4;0.6;1.2;0;0;150;90;2;0;0
GABONÁK ÉS GABONATERMÉKEK;Búzaliszt (teljes);342 ;1431;14;1.8;67.4;12.8;1.7;2.3;0;0;400;150;5;0;0
GABONÁK ÉS GABONATERMÉKEK;Búzaliszt (főző 4.60Ft/kg);345 ;1443;13.5;1;70.4;13.6;0.6;0.9;0;0;150;100;1.2;0;0
GABONÁK ÉS GABONATERMÉKEK;Búzaliszt (BL 55);345 ;1443;12.1;0.8;72.4;14;0.5;0.2;0;0;100;50;0.5;0;0
GABONÁK ÉS GABONATERMÉKEK;Kukoricaliszt;347 ;1452;9.6;3.1;70.2;14.4;1.2;1.5;0.1;0;400;100;1;0;0
GABONÁK ÉS GABONATERMÉKEK;Rizs (csiszolt);345 ;1443;8;0.3;77.5;13;0.7;0.5;0;0;90;60;1.2;0;0
GABONÁK ÉS GABONATERMÉKEK;Rozsliszt;344 ;1439;10;1.1;73.6;13.3;1;1;0;0;150;150;1;0;0
GABONÁK ÉS GABONATERMÉKEK;Száraztészta (fehéráru);376 ;1573;13.1;1.8;76.8;7.3;0.5;0.5;0;0;100;50;1;0;0
GABONÁK ÉS GABONATERMÉKEK;Száraztészta (2 tojásos);380 ;1590;14;2.6;75.1;7.3;0.5;0.5;0.02;22;60;50;1.7;0;0.3
GABONÁK ÉS GABONATERMÉKEK;Száraztészta (4 tojásos);382 ;1598;15;3.4;72.9;7.6;0.6;0.5;0.04;44;60;100;1;0;0.6
GABONÁK ÉS GABONATERMÉKEK;Zabpehely;376 ;1573;14.4;6.8;64.3;12;1.5;1;0;0;200;100;1;0;0
GABONÁK ÉS GABONATERMÉKEK;Zsemlemorzsa;342 ;1431;10.2;0.9;73.3;12.5;1.9;1.2;0;0;30;30;1.5;0;0
sütőipari termékek;Büfékenyér;264 ;1104;10.1;1;53.7;31.9;2.1;1.2;0;0;150;75;0.9;0;0
sütőipari termékek;Fehér kenyér (finom feh. kenyér);261 ;1092;10;0.8;53.5;32.6;2.1;1;0;0;75;30;0.8;0;0
sütőipari termékek;Félbarna kenyér (fehér kenyér);257 ;1075;9.8;1;52.3;33.6;2.2;1.2;0;0;150;75;0.9;0;0
sütőipari termékek;Félbarna kenyér (burgonyás);229 ;958;8;0.8;47.5;40.8;1.7;1.2;0;0;80;70;1;0;0
sütőipari termékek;Graham-kenyér;265 ;1109;10.1;1;54;30.9;2.2;1.8;0;0;250;130;3;0;0
sütőipari termékek;Levegőkenyér 1db 50g;195 ;816;22.6;10.8;14.2;2.2;0.1;0.2;0;0;12;5;0.2;0;0
sütőipari termékek;Levegőkenyér ;391 ;1636;45.2;21.6;28.3;4.4;0.2;0.3;0;0;25;10;0.3;0;0
sütőipari termékek;Rozskenyér;255 ;1067;8.1;0.9;53.6;33.7;2.2;1.5;0;0;100;100;1;0;0
sütőipari termékek;Sószegény kenyér 1db 250g;770 ;3221;22;1.5;136;85;2.3;2.5;0;0;190;75;2;0;0
sütőipari termékek;Sószegény kenyér ;308 ;1288;9.1;0.6;54.4;34;0.9;1;0;0;75;30;0.8;0;0
sütőipari termékek;Szegedi vágott 1db 220g;643 ;2690;21.7;5;127.7;60.3;3.3;2;0;0;190;75;2;0;0
sütőipari termékek;Szegedi vágott ;292 ;1222;9.9;2.3;58;27.4;1.5;0.9;0;0;75;30;0.8;0;0
sütőipari termékek;Uzsonnakenyér 1db 250g;758 ;3171;23.9;10.2;142.6;67.5;3.8;2.4;0;0;190;75;2;0;0
sütőipari termékek;Uzsonnakenyér ;303 ;1268;9.6;4;57;27;1.5;0.9;0;0;75;30;0.8;0;0
sütőipari termékek;Zsemlevekni 1db 250g;679 ;2841;23.7;1.6;142.5;76.3;3.7;2.3;0;0;190;75;2;0;0
sütőipari termékek;Zsemlevekni ;271 ;1134;9.5;0.6;57;30.3;1.7;0.9;0;0;75;30;0.8;0;0
sütőipari termékek;Császárzsemle 1db 44g;132 ;552;4.5;1.1;25.9;11.4;0.7;0.4;0;0;35;13;0.3;0;0
sütőipari termékek;Császárzsemle ;299 ;1251;10.2;2.5;58.9;26;1.5;0.9;0;0;75;30;0.8;0;0
sütőipari termékek;"Kétszersült ""HÓVIRÁG"" édes";388 ;1623;11.3;5.1;74.2;6.5;1.8;1.1;0;0;80;40;1;0;0
sütőipari termékek;"Kétszersült ""HÓVIRÁG"" sós";406 ;1698;11.3;4.1;80.2;1.5;1.5;1.1;0;0;75;30;0.8;0;0
sütőipari termékek;"Kétszersült ""DIÉTÁS""";401 ;1678;11.2;3.4;81.2;2;1;1.2;0;0;75;30;0.8;0;0
sütőipari termékek;"Kétszersült ""KARLSBADI""";438 ;1832;12;6.1;83.7;1.1;1.8;1.1;0;0;75;30;0.8;0;0
sütőipari termékek;Kifli. óriás 1db 220g;664 ;2778;26.7;5.1;127.8;55.2;3.3;2;0;0;180;90;1.8;0;0
sütőipari termékek;Kifli. óriás ;302 ;1263;12.1;2.3;58.1;25.1;1.5;0.9;0;0;80;40;0.8;0;0
sütőipari termékek;Kifli. sós v. tejes 1db 44g;130 ;544;4.5;1.1;25.6;11.7;0.7;0.5;0;0;35;13;0.3;0;0
sütőipari termékek;Kifli. sós v. tejes ;296 ;1238;10.2;2.5;58.2;26.7;1.5;0.9;0;0;75;30;0.8;0;0
sütőipari termékek;Kifli. vajas 1db 34g;111 ;464;3.5;1.5;20.8;7.4;0.5;0.3;0;0;25;10;0.3;0;0
sütőipari termékek;Kifli. vajas ;326 ;1364;10.3;4.4;61.2;21.7;1.5;0.9;0;0;75;30;0.8;0;0
sütőipari termékek;Pászka;380 ;1590;14.8;1.1;77.8;4.7;0.7;0.9;0;0;80;40;0.8;0;0
sütőipari termékek;Zsemle. vizes 1db 54g;147 ;615;5.1;0.4;30.8;16.5;0.7;0.5;0;0;35;15;0.4;0;0
sütőipari termékek;Zsemle. vizes ;272 ;1138;9.4;0.7;57;30.5;1.5;0.9;0;0;75;30;0.8;0;0
sütőipari termékek;Zsemle. diétás 1db 54g;141 ;590;17.6;0.2;17.2;30.7;0.5;0.2;0;0;20;8;0.2;0;0
sütőipari termékek;Zsemle. diétás ;260 ;1088;32.5;0.3;31.8;33;0.9;0.5;0;0;35;15;0.4;0;0
sütőipari termékek;Almás pite 1db 67g;209 ;874;3.6;6.5;34;21.8;0.6;0.6;0;0;60;24;0.6;0;0
sütőipari termékek;Almás pite ;311 ;1301;5.3;9.7;50.7;32.5;0.9;0.9;0;0;75;30;0.8;0;0
sütőipari termékek;Almás rétes (húzott) 1db 72g;177 ;740;1.5;4.5;32.6;24.4;0.5;0.5;0;0;60;24;0.6;0;0
sütőipari termékek;Almás rétes (húzott) ;290 ;1213;2.4;6.3;56;33.9;0.7;0.7;0;0;75;30;0.8;0;0
sütőipari termékek;Bordás 1db 34g;106 ;443;3.3;1.5;19.7;8.7;0.5;0.3;0;0;25;10;0.3;0;0
sütőipari termékek;Bordás;310 ;1297;9.7;4.4;57.9;25.6;1.5;0.9;0;0;75;30;0.8;0;0
sütőipari termékek;Briós (kicsi) 1db 47g;166 ;694;4.7;3.7;28.5;9.1;0.6;0.4;0;0;40;20;0.4;0;0
sütőipari termékek;Briós (kicsi) ;354 ;1481;10;7.9;60.6;19.4;1.2;0.9;0;0;75;30;0.8;0;0
sütőipari termékek;Búrkifli. diós 1db 63g;268 ;1121;4.6;15.1;28.5;13.5;0.6;0.8;0;0;56;22;0.5;0;0
sütőipari termékek;Búrkifli. diós ;425 ;1778;7.3;24;45.2;21.4;0.9;1.2;0;0;90;35;0.8;0;0
sütőipari termékek;Diós csiga 1db 62g;232 ;971;5.8;9.1;31.7;13.8;0.7;0.9;0;0;62;25;0.5;0;0
sütőipari termékek;Diós csiga ;374 ;1565;9.4;14.7;51.1;22.3;1.1;1.4;0;0;100;40;0.8;0;0
sütőipari termékek;Diós tekercs 1db 250g;1248 ;5221;24.7;65;141.1;9.8;4.3;5.3;0;0;750;150;2;0;0
sütőipari termékek;Diós tekercs;499 ;2088;9.9;26;56.4;3.9;1.7;2.1;0;0;300;60;0.8;0;0
sütőipari termékek;Kakaós csiga 1db 52g;248 ;1037;3.6;12.3;30.7;3.4;;;0;0;40;20;0.4;0;0
sütőipari termékek;Kakaós csiga ;477 ;1995;6.9;23.7;59;6.6;1.3;1.1;0;0;75;30;0.8;0;0
sütőipari termékek;Kalács fonott 1db 250g;705 ;2949;23.6;5.8;140;75.3;3.8;2.3;0;0;188;75;2;0;0
sütőipari termékek;Kalács fonott ;282 ;1180;9.4;2.3;55.8;30.1;1.5;0.9;0;0;75;30;0.8;0;0
sütőipari termékek;Kalács foszlós 1db 500g;1396 ;5840;47.1;11.6;276;154;7.5;4.5;0;0;375;150;4;0;0
sütőipari termékek;Kalács foszlós;279 ;1167;9.4;2.3;55.1;30.8;1.5;0.9;0;0;75;30;0.8;0;0
sütőipari termékek;Kalács foszl.. kakaós 1db 500g;2041 ;8538;56.6;38.6;369;25;7;4;0;0;375;150;4;0;0
sütőipari termékek;Kalács foszl.. kakaós ;392 ;1640;11.3;7.7;73.8;5;1.4;0.8;0;0;75;30;0.8;0;0
sütőipari termékek;Kuglóf kevert 1db 250g;829 ;3468;20.8;23.2;134.3;64.5;4.25;3;0;0;188;75;2;0;0
sütőipari termékek;Kuglóf kevert ;332 ;1389;8.3;9.3;53.7;25.8;1.7;1.2;0;0;75;30;0.8;0;0
sütőipari termékek;Lekváros bukta 1db 100g;313 ;1309;7.6;6.2;56.6;27.2;1.5;0.9;0;0;75;30;0.8;0;0
sütőipari termékek;Mákos rétes 1db 77g;339 ;1418;7.3;15.8;41.8;8.9;1.9;1.4;0;0;;;;0;0
sütőipari termékek;Mákos rétes ;440 ;1841;9.5;20.5;54.3;11.6;2.3;1.8;0;0;;;;0;0
sütőipari termékek;Mákos tekercs 1db 250g;1128 ;4719;25.7;53.2;135.8;27;4.8;3.5;0;0;;;;0;0
sütőipari termékek;Mákos tekercs ;450 ;1883;10.3;21.3;54.3;10.8;1.9;1.4;0;0;;;;0;0
sütőipari termékek;Meggyes pite 1db 67g;215 ;899;3.7;6.5;35.4;20;1;0.6;0;0;50;20;0.5;0;0
sütőipari termékek;Meggyes pite ;312 ;1305;5.4;9.7;52.8;29.7;1.5;0.9;0;0;75;30;0.8;0;0
sütőipari termékek;Perec. főtt 1db 31g;96 ;402;3.3;0.4;19.7;6;1.5;0.3;0;0;25;10;0.3;0;0
sütőipari termékek;Perec. főtt ;308 ;1288;10.6;1.3;63.5;19.2;4.5;0.9;0;0;75;30;0.8;0;0
sütőipari termékek;Perec. sült 1db 31g;119 ;498;3.5;3.3;18.8;3.8;1.5;0.3;0;0;25;10;0.3;0;0
sütőipari termékek;Perec. sült;383 ;1602;11.3;10.6;60.6;12.1;4.5;0.9;0;0;75;30;0.8;0;0
sütőipari termékek;Pogácsa. vajas. sós 1db 47g;198 ;828;4.3;9.8;23.3;8;1.3;0.4;0;0;40;15;0.4;0;0
sütőipari termékek;Pogácsa. vajas. sós ;375 ;1569;9.1;20.8;49.6;17.1;2.6;0.8;0;0;75;30;0.8;0;0
sütőipari termékek;Pogácsa. vajas. édes 1db 47g;203 ;849;4.2;9.5;25.2;7.2;0.5;0.4;0;0;40;15;0.4;0;0
sütőipari termékek;Pogácsa. vajas. édes;432 ;1807;8.9;20.2;53.6;15.4;1.1;0.8;0;0;75;30;0.8;0;0
sütőipari termékek;Pogácsa. tepertős 1db 47g;222 ;929;3.8;10.5;22;9.1;1.3;0.4;0;0;40;15;0.4;0;0
sütőipari termékek;Pogácsa. tepertős;420 ;1757;8.1;22.3;46.8;19.3;2.7;0.8;0;0;75;30;0.8;0;0
sütőipari termékek;Pozsonyi kifli. diós 1db 50g;238 ;996;4.8;12.2;27.3;4.5;0.6;0.7;0;0;100;25;0.4;0;0
sütőipari termékek;Pozsonyi kifli. diós ;476 ;1991;9.5;24.4;54.6;9;1.1;1.4;0;0;200;50;0.8;0;0
sütőipari termékek;Pozsonyi kifli. mákos 1db 50g;222 ;929;5.2;9.7;28.5;5;1.8;0.7;0;0;;;;0;0
sütőipari termékek;Pozsonyi kifli. mákos;444 ;1857;10.3;19.4;57;10;1.9;1.4;0;0;;;;0;0
sütőipari termékek;Réteslap 1db;167 ;699;3;7;23;;0.9;0.7;0;0;30;10;0.3;0;0
sütőipari termékek;Rongyos kifli 1db 31g;139 ;581;2.8;5.7;19.1;3;0.4;0.3;0;0;30;10;0.3;0;0
sütőipari termékek;Rongyos kifli ;447 ;1870;9;18.3;61.6;9.3;1;0.8;0;0;75;30;0.8;0;0
sütőipari termékek;Sajtos rúd. ropogós 1db 50g;200 ;837;7.2;2;38.2;1.3;0.8;0.4;0;0;35;15;0.4;0;0
sütőipari termékek;Sajtos rúd. ropogós ;400 ;1673;14.3;4.1;76.5;2.6;1.7;0.8;0;0;75;30;0.8;0;0
sütőipari termékek;Sajtos rúd. vajas 1db 44g;215 ;899;4;13.1;19;6.3;0.6;0.4;0;0;30;12;0.3;0;0
sütőipari termékek;Sajtos rúd. vajas ;449 ;1878;9.1;31.1;43.2;14.4;1.4;0.8;0;0;75;30;0.8;0;0
sütőipari termékek;Tiroli gyümölcsös rétes 1db 87g;264 ;1104;3.9;12.8;33.4;34.1;1.2;0.7;0;0;60;25;0.6;0;0
sütőipari termékek;Tiroli gyümölcsös rétes ;307 ;1284;5.4;14.7;38.4;39.2;1.4;0.9;0;0;75;30;0.8;0;0
sütőipari termékek;Tiroli mákos rétes 1db 67g;324 ;1355;6.3;16.9;36.7;5;1.3;0.9;0;0;;;;0;0
sütőipari termékek;Tiroli mákos rétes ;484 ;2025;9.4;25.2;54.8;7.3;1.9;1.4;0;0;;;;0;0
sütőipari termékek;Tiroli túrós rétes 1db 67g;326 ;1364;11.3;17.1;31.8;5.3;0.9;0.6;0;0;50;25;0.7;0;0
sütőipari termékek;Tiroli túrós rétes;486 ;2033;16.8;25.5;47.5;7.9;1.4;0.9;0;0;80;35;1;0;0;
sütőipari termékek;Túrós batyu 1db 75g;227 ;950;8.1;4.5;38.6;17.2;0.9;0.6;0;0;50;25;0.7;0;0
sütőipari termékek;Túrós batyu ;324 ;1355;11.6;6.4;55.1;24.6;1.4;0.9;0;0;80;35;1;0;0
sütőipari termékek;Túrós pite 1db 57g;223 ;933;6.9;7.7;31.6;9.5;0.9;0.5;0;0;50;20;0.7;0;0
sütőipari termékek;Túrós pite;351 ;1468;12.1;13.5;55.4;16.6;1.6;0.8;0;0;85;40;1.2;0;0
sütőipari termékek;Túrós rétes. húzott 1db 71g;234 ;979;8.8;7.4;33.1;20.2;1.2;0.6;;;65;35;0.9;0;0
sütőipari termékek;Túrós rétes;330 ;1381;12.4;10.4;46.6;28.5;1.7;0.8;0;0;90;50;1.3;0;0
HÚSOK;Bárányhús (juhhús. sovány);194 ;812;19.7;12.7;0.3;66.4;0.9;;;30;150;200;4;2;-
HÚSOK;Borjúhús;120 ;502;19.5;4.5;0.3;74.7;1;;;7;100;300;6;1;0
HÚSOK;Csirkehús (sovány);110 ;460;21.5;2.5;0.4;74.6;1;;;;150;200;8;1;-
HÚSOK;Fácánhús;108 ;452;22.3;1.9;0.5;74.3;1;;;;;;;;-
HÚSOK;Galambhús;99 ;414;22.1;1;0.5;75.4;1;;;;;;;9;-
HÚSOK;Házinyúlhús;158 ;661;21;8;0.4;69.4;1.2;;;10;80;100;7.5;2;-
HÚSOK;Juhhús. kövér;303 ;1268;16.3;26.3;0.3;56.4;0.7;;;30;150;200;4.5;2;-
HÚSOK;Libahús. kacsahús;380 ;1590;16;35;0.2;48.2;0.6;;ny.;;150;;;10;-
HÚSOK;Lóhús;112 ;469;21.5;2.5;0.9;74.1;1;;;;55;110;5;1;3
HÚSOK;Marhahús. sovány;116 ;485;20.6;3.5;0.6;74.3;1;;;20;150;200;4.5;2;0
HÚSOK;Mezeinyúlhús;104 ;435;23;1.1;0.5;74.2;1.2;;;;;;;;-
HÚSOK;Őzhús;102 ;427;20.8;1.9;0.4;75.8;1.1;;;;;;;;-
HÚSOK;Poulard;163 ;682;19.3;9.3;0.4;70;1;;;;;;;;-
HÚSOK;Sertéshús. kövér;392 ;1640;14.5;37;0.2;47.8;0.5;;;8;740;250;4.5;2;1
HÚSOK;Sertéshús. közepes;296 ;1238;17;25.3;0.3;56.8;0.6;;;8;750;300;6;2;1
HÚSOK;Sertéshús. sovány;144 ;602;20.3;6.8;0.4;71.9;0.6;;;8;770;350;7.5;2;1
HÚSOK;Szarvashús;120 ;502;20.7;3.9;0.6;73.9;0.9;;;;;;;;-
HÚSOK;Tyúkhús;127 ;531;20;5;0.4;73.6;1;;ny.;;150;200;8;4;-
HÚSOK;Vaddisznóhús;110 ;460;21.6;2.4;0.4;74.5;1.1;;;;;;;;-
HÚSOK;Vadkacsahús;121 ;506;22.7;3.1;0.5;72.5;1.2;;;;;;;;-
BELSŐSÉGEK ÉS ALAPANYAGOK;Borjú-. marhamáj;126 ;527;20.9;3.1;3.6;71;1.4;;;1000;250;3000;15;30;3
BELSŐSÉGEK ÉS ALAPANYAGOK;Borjú-. marha- v. sertésvelő;113 ;473;9;8.6;;81;1.4;;;;150;250;3.5;18;-
BELSŐSÉGEK ÉS ALAPANYAGOK;Csontvelő;822 ;3439;3.2;89.9;;4.7;2.2;;;;;;;;-
BELSŐSÉGEK ÉS ALAPANYAGOK;Libamáj;452 ;1891;22.1;40.2;0.5;35.8;1.4;;;8000;250;3000;14;;-
BELSŐSÉGEK ÉS ALAPANYAGOK;Marhafejhús. sózott;203 ;849;17.5;14.8;;64.3;3.4;;;;100;ny.;5.7;;-
BELSŐSÉGEK ÉS ALAPANYAGOK;Marhalép;125 ;523;21.9;4.1;;72.6;1.4;;;;130;280;4.2;6;-
BELSŐSÉGEK ÉS ALAPANYAGOK;Marha- v. borjúnyelv;222 ;929;15.7;17.6;0.1;65.6;1;;;;150;220;4;;-
BELSŐSÉGEK ÉS ALAPANYAGOK;Marhanyelvgyök. sózott;193 ;807;13.1;15.6;;67.8;3.5;;;100;ny.;;;;-
BELSŐSÉGEK ÉS ALAPANYAGOK;Marhapofa (zabos. sózott);218 ;912;12.5;18.7;;65.9;2.9;;;100;ny.;5;;;-
BELSŐSÉGEK ÉS ALAPANYAGOK;Marha- és borjúszív;184 ;770;16.1;13.1;0.3;69.6;0.9;;;400;800;6;4;;-
BELSŐSÉGEK ÉS ALAPANYAGOK;Marha-. sertés- v. borjútüdő;109 ;456;20.1;2.9;0.6;75.3;1.1;;;100;300;6;;;-
BELSŐSÉGEK ÉS ALAPANYAGOK;Marhavastagín. sózott;135 ;565;19.1;6.5;;71;3.4;;;50;ny.;;;;-
BELSŐSÉGEK ÉS ALAPANYAGOK;Marhavékonyín. sózott;167 ;699;22.7;8.5;;65.8;3;;;50;ny.;5.4;;;-
BELSŐSÉGEK ÉS ALAPANYAGOK;Marhavese;138 ;577;17.2;7.5;0.4;73.8;1.1;;;300;200;6;10;;-
BELSŐSÉGEK ÉS ALAPANYAGOK;Pacal;164 ;686;15.9;11.2;;72.5;0.4;;;30;ny.;4.5;;;-
BELSŐSÉGEK ÉS ALAPANYAGOK;Sertéslép;124 ;519;21.9;4;;72.8;1.3;;;;130;350;3;;-
BELSŐSÉGEK ÉS ALAPANYAGOK;Sertésmáj;136 ;569;19.5;5.3;2.5;71.7;1;;;3000;300;2000;14;25;4
BELSŐSÉGEK ÉS ALAPANYAGOK;Sertésnyelv;213 ;891;16.8;16;0.5;65.3;1.4;;;;150;250;3.8;;-
BELSŐSÉGEK ÉS ALAPANYAGOK;Sertésnyelvgyök;346 ;1447;17.1;30.8;0.2;51.2;0.7;;;;;;;;-
BELSŐSÉGEK ÉS ALAPANYAGOK;Sertésszív;96 ;402;16.9;3;0.4;78.7;1;;;;250;800;6.5;6;-
BELSŐSÉGEK ÉS ALAPANYAGOK;Sertésvese;114 ;477;17;5;0.3;76.5;1.2;;;300;300;1000;6;10;-
BELSŐSÉGEK ÉS ALAPANYAGOK;Tőgy (meddő);680 ;2845;6.2;72.8;;20.2;0.8;;;;;;;;-
BELSŐSÉGEK ÉS ALAPANYAGOK;Tőgy (tejes);352 ;1473;16.6;31.7;;50.8;0.9;;;70;30;ny.;;;-
HÚSKÉSZÍTMÉNYEK;Bőrsajt;383 ;1602;23.5;32;0.2;37;7.3;;;;;;;;-
HÚSKÉSZÍTMÉNYEK;Csabai kolbász;458 ;1916;19.8;41.9;0.3;33.4;3.3;;;;250;250;4;;-
HÚSKÉSZÍTMÉNYEK;Csabai paprikás kolbász;492 ;2058;19.6;45.8;0.3;30;3.6;;;;200;250;4;;-
HÚSKÉSZÍTMÉNYEK;Csemegekolbász. debreceni;307 ;1284;15.7;27;0.2;53.8;4.6;;;;200;250;3.4;;-
HÚSKÉSZÍTMÉNYEK;Cserkészkolbász;335 ;1401;16.3;29.8;0.3;50;4.3;;;;200;250;3.4;;-
HÚSKÉSZÍTMÉNYEK;Disznósajt;314 ;1314;14.5;28.3;0.2;53.5;3.5;;;;150;250;4;;-
HÚSKÉSZÍTMÉNYEK;Disznósajt nyári;310 ;1297;18.1;26.3;0.2;51.9;3.5;;;;150;250;4;;-
HÚSKÉSZÍTMÉNYEK;Fekete hurka;186 ;778;17.4;12.8;0.2;65.9;3.7;;;;150;150;4;;-
HÚSKÉSZÍTMÉNYEK;Füstölt kolbász;292 ;1222;15.5;25.4;0.3;56.2;2.6;;;;250;250;4;;-
HÚSKÉSZÍTMÉNYEK;Füstölt marhahús;242 ;1012;22;17;0.3;56.7;4;;;;;;;;-
HÚSKÉSZÍTMÉNYEK;Füstölt sertéshús. sonka;366 ;1531;17.2;33;0.1;44.4;5.3;;;;600;150;4;;-
HÚSKÉSZÍTMÉNYEK;Gépsonka;156 ;653;22.6;7.1;0.4;65.9;4;;;;600;160;4;;-
HÚSKÉSZÍTMÉNYEK;Gyulai páros főzőkolbász;392 ;1640;17.8;35.5;0.3;43.2;3.2;;;;250;200;3;;-
HÚSKÉSZÍTMÉNYEK;Kedvenc;335 ;1401;13.3;31.2;0.3;51.7;3.5;;;;200;250;4;;-
HÚSKÉSZÍTMÉNYEK;Kenőmája;314 ;1314;15.9;27.7;0.3;53.2;2.9;;;;150;1300;3;;-
HÚSKÉSZÍTMÉNYEK;Krakkói;238 ;996;19.4;18.5;0.4;58.5;3.2;;;;150;200;4;;-
HÚSKÉSZÍTMÉNYEK;Lecsókolbász;273 ;1142;16.3;22.9;0.3;56.98;3.6;;;;130;200;3;;-
HÚSKÉSZÍTMÉNYEK;Lengyel;385 ;1611;14.8;36.3;0.3;45.8;2.8;;;;150;200;3;;-
HÚSKÉSZÍTMÉNYEK;Lódebreceni. nyári;213 ;891;19.5;14.6;0.8;61.4;3.7;;;;;;;;-
HÚSKÉSZÍTMÉNYEK;Lótéliszalámi;431 ;1803;20.9;38.2;0.8;34.1;6;;;;;;;;-
HÚSKÉSZÍTMÉNYEK;Lóveronai;305 ;1276;19.1;25.1;0.7;51.5;3.6;;;;;;;;-
HÚSKÉSZÍTMÉNYEK;Lóvéreshurka;183 ;766;19.9;9.3;5;63.4;2.4;;;;;;;;-
HÚSKÉSZÍTMÉNYEK;Lóvirsli. párizsi. krinolin. szafaládé;191 ;799;16.8;13.4;0.7;65.5;3.6;;;;;;;;-
HÚSKÉSZÍTMÉNYEK;Lóvöröskolbász;173 ;724;19.9;10;0.9;65.2;4;;;;;;;;-
HÚSKÉSZÍTMÉNYEK;Májas hurka;298 ;1247;14;23;8.7;51.1;3.2;;;;250;900;4;;-
HÚSKÉSZÍTMÉNYEK;Májpástétom;340 ;1422;15.7;30.7;0.2;49.3;4.1;;;;150;1500;3;;-
HÚSKÉSZÍTMÉNYEK;Májsajt;465 ;1945;14;45.3;0.3;38;2.4;;;;200;1000;3;;-
HÚSKÉSZÍTMÉNYEK;Nyáriszalámi;289 ;1209;15.2;25.2;0.3;55.7;3.6;;;;100;200;3;;-
HÚSKÉSZÍTMÉNYEK;Nyelvpástétom;311 ;1301;16.5;27.1;0.3;53.3;2.8;;;;210;204;4;;-
HÚSKÉSZÍTMÉNYEK;Nyelvsajt;272 ;1138;24.1;19.4;0.2;52.3;4;;;;100;100;4;;-
HÚSKÉSZÍTMÉNYEK;Olasz. mortadella. sörbomba;333 ;1393;13.7;30.8;0.3;52.2;3;;;;150;200;3;;-
HÚSKÉSZÍTMÉNYEK;Párizsi. krinolin. szafaládé;212 ;887;11.9;18.2;0.2;67.2;2.5;;;;100;150;3;;-
HÚSKÉSZÍTMÉNYEK;Sonkaszalámi;159 ;665;21.2;8.2;0.2;66.8;3.6;;;;600;300;4;;-
HÚSKÉSZÍTMÉNYEK;Száraz kolbász;360 ;1506;20;32.1;0.3;40.1;7.5;;;;200;250;4;;-
HÚSKÉSZÍTMÉNYEK;Szepesi virsli;322 ;1347;14.2;29.4;0.2;53.6;2.6;;;;250;200;3;;-
HÚSKÉSZÍTMÉNYEK;Téliszalámi;516 ;2159;25.1;46.1;0.3;23.3;5.2;;;;200;250;;;-
HÚSKÉSZÍTMÉNYEK;Turista. tiroli;334 ;1397;14.1;30.7;0.3;51.9;3;;;;150;200;3;;-
HÚSKÉSZÍTMÉNYEK;Türingiai hurka;313 ;1309;17.4;26.9;0.2;51.6;3.9;;;;120;230;4.2;;-
HÚSKÉSZÍTMÉNYEK;Vadász;237 ;991;16.3;19;0.2;61.2;3.3;;;;200;250;4;;-
HÚSKÉSZÍTMÉNYEK;Veronai;280 ;1171;14.6;24.5;0.2;57.5;3.2;;;;200;250;4;;-
HÚSKÉSZÍTMÉNYEK;Véres hurka;291 ;1217;13.1;23;8;52.8;3.1;;;;100;350;3;;-
HÚSKÉSZÍTMÉNYEK;Véres sajt;394 ;1648;22.9;33.5;0.2;38.8;4.6;;;;100;100;2;;-
HÚSKÉSZÍTMÉNYEK;Virsli;231 ;966;12.5;20;0.2;64.6;2.7;;;;100;150;3;;-
Halak és halkészítmények;Fogas;84 ;351;19;0.8;0.2;78.9;1.1;;;;;;;;-
Halak és halkészítmények;Harcsa;78 ;326;17.5;0.8;0.2;80.6;1;;;;;;;;-
Halak és halkészítmények;Hering (göngyölt);216 ;904;19.8;14.8;1;61;3.4;;;;;;;;-
Halak és halkészítmények;Hering. mustáros (Heringshappen);159 ;665;15.9;11.7;2.5;67.7;2.2;;;;;;;;-
Halak és halkészítmények;Hering. olajos. füstölt (Bückling);368 ;1539;15.9;33.8;;47.8;2.5;;;;100;;;;-
Halak és halkészítmények;Hering. paradicsomos(H.shappen);210 ;879;18.9;14.6;0.8;60.9;4.8;;;;;;;;-
Halak és halkészítmények;Hering. pácolt (hagyma nélkül);254 ;1063;13.2;21.6;1.8;61;2.4;;;;;;;;-
Halak és halkészítmények;Ponty;100 ;418;16;4;0.1;78.9;1;;;180;180;40;;1;-
Halak és halkészítmények;Szardínia;283 ;1184;22.5;21.4;;51.2;4.9;;;700;;;;;-
Halak és halkészítmények;Tőkehalfilé;87 ;364;19.4;0.5;1.2;77.9;1;;;;100;50;;;-
Halak és halkészítmények;Tőkehalszelet. olajos (Treszka);266 ;1113;16.1;22.4;;58;3.5;;;;;;;;-
Zsiradékfélék;Angolszalonna;486 ;2033;16.8;46.5;0;31.7;5;;;;30;30;;;-
Zsiradékfélék;Csukamájolaj;898 ;3757;;99.8;;0.2;;;;30000;;;;;12
Zsiradékfélék;Kolozsvári szalonna;612 ;2560;18.1;61.1;0;15.8;5;;;;30;30;;;-
Zsiradékfélék;Libazsír;893 ;3736;0.5;99;0;0.5;;;;;;;;;-
Zsiradékfélék;Margarin (növényi9;760 ;3179;0.5;84;0.4;13.1;2;;;;;;;;-
Zsiradékfélék;Margarin (vitaminos);760 ;3179;0.5;84;0.4;13.1;2;;;860;;;;;7.5
Zsiradékfélék;Napraforgóolaj;898 ;3757;0;99.8;0;0.2;;;;;;;;;-
Zsiradékfélék;Szalonna (fehér. nyers);699 ;2924;4.2;75.8;0;19.9;0.1;;;;;;;;-
Zsiradékfélék;Szalonna (füstölt);693 ;2899;9;73;0;13;5;;;;;;;;-
Zsiradékfélék;Sertészsír;898 ;3757;0.1;99.7;0;0.2;;;;;;;;;-
Zsiradékfélék;Tepertő;797 ;3334;12.1;83.2;ny.;3.9;0.8;;;;;;;;-
Zsiradékfélék;Tökmagolaj;898 ;3757;0;99.8;0;0.2;;;;;;;;;-
TEJ ÉS TEJTERMÉKEK;Anyatej;63 ;264;1.5;3.5;6.4;88.3;0.3;;0.04;40;50;20;0.3;4;0.01
TEJ ÉS TEJTERMÉKEK;Kecsketej;68 ;284;3.6;3.9;4.7;87;0.8;;;60;200;;;5;0.1
TEJ ÉS TEJTERMÉKEK;Juhtej;109 ;456;6.1;7.2;5;80.9;0.8;;0.05;120;50;200;0.4;3;0.7
TEJ ÉS TEJTERMÉKEK;Tehéntej (teljes);65 ;272;3.5;3.6;4.6;87.6;0.7;;0.03;20;30;150;0.05;0.8;0.4
TEJ ÉS TEJTERMÉKEK;Tehéntej (fölözött);34 ;142;3.5;0.1;4.7;90.9;0.8;;0;0;32;150;0.05;1;0
TEJ ÉS TEJTERMÉKEK;Fogyasztási tej (kanna-. palack-;58 ;243;3.5;2.8;4.6;88.4;0.7;;0.02;15;35;150;0.05;0.8;0.3
TEJ ÉS TEJTERMÉKEK;Tejeskakaó (zsíros);79 ;330;3.5;2.1;11.4;81.4;0.8;;0.02;14;32;135;0.05;0.8;0.3
TEJ ÉS TEJTERMÉKEK;Tejeskakaó (sovány);64 ;268;3.5;0.5;11.4;83;0.8;;0;0;32;135;0.05;0.9;0
TEJ ÉS TEJTERMÉKEK;Tejeskávé (zsíros);62 ;259;2.2;2.2;8.4;86.7;0.5;;0.01;10;21;90;0.03;0.7;0.18
TEJ ÉS TEJTERMÉKEK;Tejeskávé (sovány);43 ;180;2.2;0.1;8.4;88.8;0.5;;0;0;21;90;0.03;0.8;0
TEJ ÉS TEJTERMÉKEK;Tejpuding;103 ;431;2.1;0.1;23.3;74;0.5;;0;0;20;95;0.03;0.7;0
TEJ ÉS TEJTERMÉKEK;Joghurt-aludtej. kefír (zsíros);64 ;268;3.5;3.5;4.6;87.7;0.7;;0.03;20;40;180;0.04;0.3;0.3
TEJ ÉS TEJTERMÉKEK;Kefír (sovány);33 ;138;3.5;0.1;4.6;91;0.8;;0;0;50;200;0.04;0.3;-
TEJ ÉS TEJTERMÉKEK;Gyümölcsös joghurt;83 ;347;2.8;2;13.4;81;0.8;;0.02;20;40;180;0.04;0.2;0.2
TEJ ÉS TEJTERMÉKEK;Tejföl;173 ;724;3.3;16;3.9;76.2;0.6;;0.12;100;25;125;0.04;0.2;2
TEJ ÉS TEJTERMÉKEK;Kávétejszín;173 ;724;3.3;16;3.9;76.2;0.6;;0.12;100;25;125;0.04;0.5;2
TEJ ÉS TEJTERMÉKEK;Habtejszín;292 ;1222;2.6;30;3;64.1;0.3;;0.3;200;20;75;0.02;0.3;5
TEJ ÉS TEJTERMÉKEK;Ízesített tejszínhab;281 ;1176;2.3;26;9.4;62.1;0.2;;0.2;180;18;70;0.02;0.1;5
TEJ ÉS TEJTERMÉKEK;Vaj;724 ;3029;0.4;80;0.5;19;0.1;;0.5;700;3;15;0.01;0;15
TEJ ÉS TEJTERMÉKEK;Író;33 ;138;3.2;0.5;3.8;91.8;0.7;;0;0;30;150;0.05;0.5;0
TEJ ÉS TEJTERMÉKEK;Étkezési tehéntúró. krémtúró (zsíros);197 ;824;17.9;12.4;3.5;65;1.2;;0.1;60;20;100;0.03;0;1.5
TEJ ÉS TEJTERMÉKEK;Étkezési tehéntúró. krémtúró (félzsíros);113 ;473;16.2;3.7;3.7;75;1.4;;ny.;20;25;120;0.04;0;0.5
TEJ ÉS TEJTERMÉKEK;Étkezési tehéntúró (sovány);76 ;318;14.1;0.5;3.8;80;1.6;;0;0;30;140;0.04;0;0
TEJ ÉS TEJTERMÉKEK;Ízesített krémtúró (málnás stb.);216 ;904;15.1;8.8;19.1;56;1;;0.1;40;15;80;0.03;0;1.2
TEJ ÉS TEJTERMÉKEK;Körített tehéntúró;167 ;699;20.4;7.8;3.8;66;2.2;;0.1;60;20;80;0.03;0;1.4
TEJ ÉS TEJTERMÉKEK;Juhtúró;276 ;1155;18.2;21.2;3;53;4.6;;0.1;100;50;150;0.05;0;2
TEJ ÉS TEJTERMÉKEK;gomolyatúró;276 ;1155;18.2;21.2;3;53;4.6;;0.1;100;50;150;0.05;0;2
TEJ ÉS TEJTERMÉKEK;Parmezán sajt;361 ;1510;34.6;24;1.6;35;4.8;;0.24;120;45;200;0.09;0;0.6
TEJ ÉS TEJTERMÉKEK;Keménysajt. zsíros (Ementáli.;375 ;1569;26.8;29.1;1.5;38;4.6;;0.26;140;50;250;0.08;0;0.8
TEJ ÉS TEJTERMÉKEK;Félkeménysajt. zsíros (Balaton.;343 ;1435;25.2;26.1;1.8;42;4.9;;0.24;120;50;300;0.08;0;0.7
TEJ ÉS TEJTERMÉKEK;Félkeménysajt. félzsíros (Óvári);288 ;1205;30.4;17.6;1.9;45;5;;0.16;80;55;300;0.08;0;0.5
TEJ ÉS TEJTERMÉKEK;Félkeménysajt. sovány(Kömény.);204 ;853;28.6;9;2.2;55;5.1;;0.12;50;60;350;0.09;0;0.3
TEJ ÉS TEJTERMÉKEK;Vajas márványsajt;454 ;1899;11;45;1.3;40;2.6;;0.4;300;30;200;0.1;0;6.2
TEJ ÉS TEJTERMÉKEK;Tejszín márványkrém;334 ;1397;13.7;30;2.4;50;3.8;;0.3;200;45;240;0.12;0;4.5
TEJ ÉS TEJTERMÉKEK;Sportsajt;285 ;1192;9.5;26;3.2;58;3.2;;0.2;120;60;50;0.06;0;0.7
TEJ ÉS TEJTERMÉKEK;Krémsajt;259 ;1083;2.8;26.2;3.1;65;2.8;;0.2;120;65;50;0.05;0;0.7
TEJ ÉS TEJTERMÉKEK;Pogácsasajt;145 ;607;31.4;1;2.5;60;5;;0;0;30;140;0.04;0;0
TEJ ÉS TEJTERMÉKEK;Kaskaval juhsajt;367 ;1535;22.4;30;1.8;40;5.7;;0.3;300;70;350;0.1;0;0.8
TEJ ÉS TEJTERMÉKEK;Fehér sajtkrém (juhsajt);238 ;996;11.8;20;2.8;60;5.3;;0.2;200;60;250;0.09;0;0.7
TEJ ÉS TEJTERMÉKEK;Vágható ömlesztett sajt. zsíros;303 ;1268;21;23.4;2;48;5.6;;0.2;100;50;250;0.07;0;0.6
TEJ ÉS TEJTERMÉKEK;C-vitaminos ömlesztett sajt;303 ;1268;21;23.4;2;48;5.6;;0.2;100;50;250;0.07;140;0.6
TEJ ÉS TEJTERMÉKEK;Vágható ömlesztett sajt. sovány;187 ;782;25.7;8.4;2.1;58;5.8;;0.05;30;50;250;0.07;0;0.2
TEJ ÉS TEJTERMÉKEK;Kenhető ömlesztett sajt. zsíros;253 ;1058;16.5;20;1.7;56;5.8;;0.2;90;50;250;0.07;0;0.5
TEJ ÉS TEJTERMÉKEK;Mackó sajt;253 ;1058;16.5;20;1.7;56;5.8;;0.2;90;50;250;0.07;0;0.5
TEJ ÉS TEJTERMÉKEK; Csárdás sajt;253 ;1058;16.5;20;1.7;56;5.8;;0.2;90;50;250;0.07;0;0.5
TEJ ÉS TEJTERMÉKEK; Caro sajt;253 ;1058;16.5;20;1.7;56;5.8;;0.2;90;50;250;0.07;0;0.5
TEJ ÉS TEJTERMÉKEK; Öcsi sajt;253 ;1058;16.5;20;1.7;56;5.8;;0.2;90;50;250;0.07;0;0.5
TEJ ÉS TEJTERMÉKEK; Mátra sajt;253 ;1058;16.5;20;1.7;56;5.8;;0.2;90;50;250;0.07;0;0.5
TEJ ÉS TEJTERMÉKEK; Budapest sajt;253 ;1058;16.5;20;1.7;56;5.8;;0.2;90;50;250;0.07;0;0.5
TEJ ÉS TEJTERMÉKEK; Cseddár sajt;253 ;1058;16.5;20;1.7;56;5.8;;0.2;90;50;250;0.07;0;0.5
TEJ ÉS TEJTERMÉKEK; Savaria sajt;253 ;1058;16.5;20;1.7;56;5.8;;0.2;90;50;250;0.07;0;0.5
TEJ ÉS TEJTERMÉKEK; Füsti sajt;253 ;1058;16.5;20;1.7;56;5.8;;0.2;90;50;250;0.07;0;0.5
TEJ ÉS TEJTERMÉKEK; Üdítő sajt;253 ;1058;16.5;20;1.7;56;5.8;;0.2;90;50;250;0.07;0;0.5
TEJ ÉS TEJTERMÉKEK; Ementáli sajt;253 ;1058;16.5;20;1.7;56;5.8;;0.2;90;50;250;0.07;0;0.5
TEJ ÉS TEJTERMÉKEK; Répce sajt;253 ;1058;16.5;20;1.7;56;5.8;;0.2;90;50;250;0.07;0;0.5
TEJ ÉS TEJTERMÉKEK; Rokvitál sajt;253 ;1058;16.5;20;1.7;56;5.8;;0.2;90;50;250;0.07;0;0.5
TEJ ÉS TEJTERMÉKEK; Promontor sajt;253 ;1058;16.5;20;1.7;56;5.8;;0.2;90;50;250;0.07;0;0.5
TEJ ÉS TEJTERMÉKEK; Paradicsom sajt;253 ;1058;16.5;20;1.7;56;5.8;;0.2;90;50;250;0.07;0;0.5
TEJ ÉS TEJTERMÉKEK; Csípős-paprikás sajt;253 ;1058;16.5;20;1.7;56;5.8;;0.2;90;50;250;0.07;0;0.5
TEJ ÉS TEJTERMÉKEK; Mustáros sajt;253 ;1058;16.5;20;1.7;56;5.8;;0.2;90;50;250;0.07;0;0.5
TEJ ÉS TEJTERMÉKEK; Fűszerkeverékes sajt;253 ;1058;16.5;20;1.7;56;5.8;;0.2;90;50;250;0.07;0;0.5
TEJ ÉS TEJTERMÉKEK; Zelleres sajt;253 ;1058;16.5;20;1.7;56;5.8;;0.2;90;50;250;0.07;0;0.5
TEJ ÉS TEJTERMÉKEK; Fokhagymás sajt;253 ;1058;16.5;20;1.7;56;5.8;;0.2;90;50;250;0.07;0;0.5
TEJ ÉS TEJTERMÉKEK; Gombás sajt;253 ;1058;16.5;20;1.7;56;5.8;;0.2;90;50;250;0.07;0;0.5
TEJ ÉS TEJTERMÉKEK; Vöröshagymás sajt;253 ;1058;16.5;20;1.7;56;5.8;;0.2;90;50;250;0.07;0;0.5
TEJ ÉS TEJTERMÉKEK; Sonkás sajt;253 ;1058;16.5;20;1.7;56;5.8;;0.2;90;50;250;0.07;0;0.5
TEJ ÉS TEJTERMÉKEK; Uborkás-paprikás sajt;253 ;1058;16.5;20;1.7;56;5.8;;0.2;90;50;250;0.07;0;0.5
TEJ ÉS TEJTERMÉKEK; Téliszalámis sajt;253 ;1058;16.5;20;1.7;56;5.8;;0.2;90;50;250;0.07;0;0.5
TEJ ÉS TEJTERMÉKEK;C-paprikás kenhető ömlesztett sajt (zsíros);253 ;1058;16.5;20;1.7;56;7.2;;0.2;90;50;250;0.07;70;0.5
TEJ ÉS TEJTERMÉKEK;"""Mese"" kenhető állományú ömlesztett sajt";329 ;1376;12.1;19.5;26.2;37;5.2;;0.15;70;35;180;0.05;0;0.4
TEJ ÉS TEJTERMÉKEK;Sűrített tej (cukrozott);329 ;1376;7.9;8.6;54.9;26.6;2;;0.05;50;100;400;0.5;2;1.2
TEJ ÉS TEJTERMÉKEK;Tejpor (zsíros);493 ;2062;25.5;27;37;4.7;5.8;;0.12;90;300;500;1;2;-
TEJ ÉS TEJTERMÉKEK;Tejpor (sovány);371 ;1552;37;2;51.3;4.7;7.6;;0;0;350;550;1;2;0
TEJ ÉS TEJTERMÉKEK;Vaniliás fagyikocka;160 ;669;2.2;4.5;27.8;65;0.5;;0.03;25;20;90;0.03;1.2;0.3
tojás;Tojás;164 ;686;13.5;12;0.6;72.8;1.1;;0.2;268;50;350;1.7;0;4
tojás;Tojás 1db  (héj nélkül);66 ;276;5.4;4.8;0.3;29;0.5;;0.1;107;60;150;0.4;0;1.6
tojás;Tojásfehérje;57 ;238;12.8;0.3;0.7;85.5;0.7;;0;0;ny.;300;1;0;0
tojás;Tojásfehérje 1db (24g-os);14 ;59;3;0.1;0.2;20.5;0.5;;0;0;0;70;0.4;0;0
tojás;Tojássárgája;351 ;1468;16.1;31.7;0.3;50.7;1.2;;0.5;670;150;450;3;0;10
tojás;Tojássárgája 1db (16g-os);54 ;226;2.4;4.9;0.1;8.3;0.3;;0.1;107;50;70;0.5;0;1.6
tojás;Tojásfehérje. szárított;312 ;1305;73.4;0.3;4;17.8;4.5;;;;ny.;1000;2.5;0;0
tojás;Tojáspor;561 ;2347;44.7;40.1;5.2;6.5;3.5;;0.4;1000;500;1000;4;0;5
ZÖLDSÉG- ÉS FŐZELÉKFÉLÉK;Bimbós kel;46 ;192;5.3;0.5;5.1;86.3;1.5;1.3;1;0;200;80;0.3;90;0
ZÖLDSÉG- ÉS FŐZELÉKFÉLÉK;Burgonya (nyári);85 ;356;2.5;0.2;18.4;77.2;1.1;0.6;0;0;70;40;1;20;0
ZÖLDSÉG- ÉS FŐZELÉKFÉLÉK;Burgonya (téli);92 ;385;2.5;0.2;20;75.7;1.1;0.5;0;0;70;40;1;10;0
ZÖLDSÉG- ÉS FŐZELÉKFÉLÉK;Céklarépa;30 ;126;1.3;0.1;5.9;90.9;0.9;0.9;0;0;;;;13;0
ZÖLDSÉG- ÉS FŐZELÉKFÉLÉK;Fejes saláta;16 ;67;1.4;0.3;2;94.8;0.9;0.6;1;0;60;100;0.5;20;0
ZÖLDSÉG- ÉS FŐZELÉKFÉLÉK;Karalábé;38 ;159;2.1;0.2;6.9;88.9;1.1;0.8;0;0;50;50;0.3;140;0
ZÖLDSÉG- ÉS FŐZELÉKFÉLÉK;Karfiol;29 ;121;2.4;0.4;3.9;91.6;0.8;0.9;0;0;60;100;0.5;60;0
ZÖLDSÉG- ÉS FŐZELÉKFÉLÉK;Káposzta (fejes);31 ;130;1.6;0.2;5.7;91.1;0.7;0.7;0;0;40;60;1;48;0
ZÖLDSÉG- ÉS FŐZELÉKFÉLÉK;Káposzta (nyári);65 ;272;1.1;0.2;14.7;82.8;0.6;0.6;0;0;40;80;1;55;0
ZÖLDSÉG- ÉS FŐZELÉKFÉLÉK;Káposzta (vörös);31 ;130;1.7;0.2;5.7;91;0.8;0.6;0;0;40;80;1;50;0
ZÖLDSÉG- ÉS FŐZELÉKFÉLÉK;Kelkáposzta;34 ;142;3.6;0.3;4.3;90.4;0.8;0.6;ny.;0;120;150;2;45;0
ZÖLDSÉG- ÉS FŐZELÉKFÉLÉK;Kukorica (tejes);127 ;531;4.7;1.6;23.6;67.7;0.9;1.5;;;;;;;-
ZÖLDSÉG- ÉS FŐZELÉKFÉLÉK;Paradicsom;22 ;92;1;0.2;4;93.7;0.6;0.5;0.5;0;100;60;0.5;25;0
ZÖLDSÉG- ÉS FŐZELÉKFÉLÉK;Paraj;18 ;75;2.3;0.3;1.8;93.2;1.9;0.5;3.5;0;80;200;1;40;0
ZÖLDSÉG- ÉS FŐZELÉKFÉLÉK;Petrezselyemgyökér;29 ;121;1.2;0.1;5.9;90.4;1.2;1.2;0;0;50;60;;;0
ZÖLDSÉG- ÉS FŐZELÉKFÉLÉK;Petrezselyem zöldje;60 ;251;4.4;0.4;9.8;82.3;1.7;1.4;7.25;0;190;300;1.3;166;0
ZÖLDSÉG- ÉS FŐZELÉKFÉLÉK;Retek (hónapos);15 ;63;1.2;0.1;2.2;95;0.7;0.8;0;0;100;30;0.1;20;0
ZÖLDSÉG- ÉS FŐZELÉKFÉLÉK;Sárgarépa;35 ;146;1.2;0.2;8.1;88.5;1;1;7;0;50;50;1.5;2;0
ZÖLDSÉG- ÉS FŐZELÉKFÉLÉK;Sóska;23 ;96;2.4;0.5;2.3;92.4;1.9;0.5;3.5;0;;;;40;0
ZÖLDSÉG- ÉS FŐZELÉKFÉLÉK;Spárga;16 ;67;2;0.1;1.8;94.9;0.6;0.6;0;0;150;150;1;25;0
ZÖLDSÉG- ÉS FŐZELÉKFÉLÉK;Sütőtök;77 ;322;1.5;0.6;16.5;80;1.4;0.7;3.8;0;50;40;1;30;0
ZÖLDSÉG- ÉS FŐZELÉKFÉLÉK;Tök (főző) (spárgatök);30 ;126;1.1;0.1;6.1;91.2;0.7;0.8;0;0;50;100;1;8;0
ZÖLDSÉG- ÉS FŐZELÉKFÉLÉK;Uborka;11 ;46;1;0.1;1.7;96;0.5;0.6;0;0;60;50;0.1;5;0
ZÖLDSÉG- ÉS FŐZELÉKFÉLÉK;Vöröshagyma;39 ;163;1.2;0.1;8.3;89.1;0.6;0.7;0;0;50;30;1;10;0
ZÖLDSÉG- ÉS FŐZELÉKFÉLÉK;Zellergyökér;29 ;121;1.4;0.3;5;91.4;0.9;1;0;0;50;90;0.3;8;0
ZÖLDSÉG- ÉS FŐZELÉKFÉLÉK;Zöldbab;40 ;167;2.6;0.3;6.8;88.1;0.9;1.3;0.2;0;200;200;1;20;0
ZÖLDSÉG- ÉS FŐZELÉKFÉLÉK;Zöldborsó;88 ;368;7;0.4;14;75;0.9;2.7;0.3;0;200;150;1;25;0
ZÖLDSÉG- ÉS FŐZELÉKFÉLÉK;Zöldpaprika;20 ;84;1.2;0.3;3;93.5;1.1;0.9;0.1;;;30;0.2;170;0
Száraz hüvelyesek;Bab (száraz);313 ;1309;21.9;1;54.1;16.6;3.4;3;0;0;400;200;1;0;0
Száraz hüvelyesek;Borsó (száraz);327 ;1368;22.7;1.5;55.9;17.1;2.8;3.7;;0;200;300;1;0;0
Száraz hüvelyesek;Lencse (száraz);333 ;1393;26;1.9;53;12.1;3;4;0;0;350;300;;0;0
Száraz hüvelyesek;Szójaliszt (teljes);444 ;1857;41.5;20.2;24.1;7.7;4.4;2.1;;;100;300;3;0;0
Száraz hüvelyesek;Szójaliszt (zsírtalan);318 ;1330;51.6;0.5;26.8;13.7;5.1;2.3;;;100;300;3;0;0
Étkezési gombák;Csiperke;39 ;163;5.9;0.2;3.3;89;0.8;0.8;0;0;50;100;5;2;5
Étkezési gombák;Vargánya;40 ;167;5.7;0.2;3.8;88.3;1;1;0;0;100;60;;2;5
Étkezési gombák;Vargánya (szárított);295 ;1234;38.3;1.8;31.5;12.7;8.2;7.5;;;;;;;-
GYÜMÖLCSÖK;Alma (Jonathán);30 ;126;0.4;0.4;7;90.5;0.4;1.3;0;0;50;50;0.5;5;0
GYÜMÖLCSÖK;Ananász;51 ;213;0.4;0.7;12;86;0.5;0.4;0;0;80;20;0.2;20;0
GYÜMÖLCSÖK;Banán;103 ;431;1.3;0.1;24.5;74.1;0.9;0.4;0.3;0;160;80;0.5;10;0
GYÜMÖLCSÖK;Birsalma;41 ;172;0.6;0.9;9.1;86.9;0.6;1.9;0;0;;;;10;0
GYÜMÖLCSÖK;Citrom;25 ;105;0.4;5.5;2.3;88.7;0.6;2.2;ny.;0;60;20;0.1;45;0
GYÜMÖLCSÖK;Cukordinnye (s. húsú);39 ;163;0.3;0.1;9.5;88.4;0.8;0.7;3;0;45;20;0.2;35;0
GYÜMÖLCSÖK;Cukordinnye (z. húsú);45 ;188;0.3;0.1;11;87;0.8;0.7;ny.;0;45;20;0.2;25;0
GYÜMÖLCSÖK;Cseresznye;61 ;255;0.8;0.7;14;83.6;0.5;0.4;0.3;0;50;20;0.1;8;0
GYÜMÖLCSÖK;Csipkebogyó (friss);50 ;209;3.6;1.3;8;74;3.3;9.8;2;0;100;;;200;0
GYÜMÖLCSÖK;Egres;38 ;159;0.6;1.4;8;86.7;0.6;2.7;0;0;20;100;;30;0
GYÜMÖLCSÖK;Eper (fa);48 ;201;0.4;0.3;11.3;86.5;0.8;0.7;;0;;;;40;0
GYÜMÖLCSÖK;Görögdinnye;29 ;121;0.5;0.2;6.5;91.5;0.5;0.8;ny.;0;40;20;0.2;7;0
GYÜMÖLCSÖK;Grapefruit;35 ;146;0.5;1.6;7.2;89.9;0.4;0.4;ny.;0;40;20;0.2;40;0
GYÜMÖLCSÖK;Kajszibarack;46 ;192;0.9;0.6;10.2;86.8;0.7;0.8;2;0;20;30;0.7;10;0
GYÜMÖLCSÖK;Körte;50 ;209;0.4;0.3;12;83.8;0.4;2.6;0;0;30;30;0.3;5;0
GYÜMÖLCSÖK;Mandarin;44 ;184;0.7;0.8;9.8;91.1;0.6;0.5;ny.;0;50;30;0.2;42;0
GYÜMÖLCSÖK;Málna;28 ;117;1.2;0.8;5.4;86;0.6;5.6;;0;20;30;;25;0
GYÜMÖLCSÖK;Meggy;51 ;213;0.8;1.4;11;85.9;0.6;0.3;0;0;50;20;;10;0
GYÜMÖLCSÖK;Narancs;40 ;167;0.6;1.5;8.5;88.4;0.5;0.5;ny.;0;70;40;0.2;50;0
GYÜMÖLCSÖK;Naspolya;53 ;222;0.6;1.1;12;82.7;0.8;2.8;ny.;0;;;;12;0
GYÜMÖLCSÖK;Őszibarack;40 ;167;0.7;0.3;9;88.4;0.6;1;0.5;0;20;20;0.9;7;0
GYÜMÖLCSÖK;Ribiszke (vörös);33 ;138;0.6;1.2;7;86.2;0.7;4.3;0;0;40;30;;30;0
GYÜMÖLCSÖK;Ribiszke (fekete);47 ;197;0.9;2;9.5;83.2;0.6;3.8;0;0;60;10;;150;0
GYÜMÖLCSÖK;Szamóca (földieper);34 ;142;0.9;0.6;7.2;89;0.7;0.8;ny.;0;30;70;0.3;40;0
GYÜMÖLCSÖK;Szeder;32 ;134;0.8;1.8;6;86.9;0.5;4;ny.;0;40;40;0.3;20;0
GYÜMÖLCSÖK;Szilva (Besztercei);57 ;238;0.7;0.5;13.1;84.7;0.5;0.5;0;0;50;20;0.5;6;0
GYÜMÖLCSÖK;Szőlő;76 ;318;0.6;0.5;18;79.1;0.5;1.3;0;0;50;50;0.4;5;0
GYÜMÖLCSÖK;Vörösszilva;46 ;192;0.8;0.9;10.2;87;0.5;0.6;0;0;50;50;;5;0
GYÜMÖLCSÖK;Zöldringló;59 ;247;0.8;0.8;13.5;83.8;0.5;0.6;0;0;50;50;;6;0
GYÜMÖLCSKÉSZÍTMÉNYEK;Aszalt alma;246 ;1029;1.4;3.5;55.4;38.1;1.6;;;0;;;;;0
GYÜMÖLCSKÉSZÍTMÉNYEK;Aszalt szilva;271 ;1134;2.3;2;61.6;31.8;2.1;;;0;;;;;0
GYÜMÖLCSKÉSZÍTMÉNYEK;Csipkebogyóíz;242 ;1012;0.5;0.6;58;39.7;1.2;;1.7;0;;;;2;0
GYÜMÖLCSKÉSZÍTMÉNYEK;Meggyvér;60 ;251;0.8;0.6;13.3;85.1;0.2;;;0;50;50;0.5;3;0
GYÜMÖLCSKÉSZÍTMÉNYEK;Őszibaracklé;71 ;297;1;0.6;15.8;82.4;0.2;;;0;50;50;0.5;3;0
GYÜMÖLCSKÉSZÍTMÉNYEK;Sárgabaracklé;71 ;297;0.9;0.6;15.9;82.4;0.2;;ny.;0;50;100;0.7;3;0
GYÜMÖLCSKÉSZÍTMÉNYEK;Sárgabarackíz;283 ;1184;0.5;0.5;68;30.5;0.5;;2;0;10;40;;12;0
GYÜMÖLCSKÉSZÍTMÉNYEK;Szilvaíz;234 ;979;1.3;1.8;54;42;0.9;;;0;;;;;0
GYÜMÖLCSKÉSZÍTMÉNYEK;Vegyesíz;254 ;1063;1;0.9;60;37.6;0.5;;;0;;;;2;0
DIÓFÉLÉK. OLAJOS MAGVAK;Dió ;654 ;2736;18.6;57;11.7;8.7;1.7;2.8;0;0;400;100;0.1;25;0
DIÓFÉLÉK. OLAJOS MAGVAK;Földimogyoró;610 ;2552;26.7;47.2;14.7;9;2.4;;;;;;;;-
DIÓFÉLÉK. OLAJOS MAGVAK;Gesztenye;167 ;699;4.8;1.5;32.6;57.9;0.4;2.8;0;0;200;250;1.2;30;0
DIÓFÉLÉK. OLAJOS MAGVAK;Mandula;627 ;2623;27.6;52.2;6.8;6.5;3.2;3.7;0;0;100;200;1.8;6;0
DIÓFÉLÉK. OLAJOS MAGVAK;Mák;537 ;2246;20.5;38.2;23.9;10.2;7.2;;;;;;;;-
DIÓFÉLÉK. OLAJOS MAGVAK;Mogyoró;691 ;2891;15.6;63.5;8.7;7;2;3.2;0;0;400;500;;6;0
DIÓFÉLÉK. OLAJOS MAGVAK;Tökmag;636 ;2661;33.9;51.8;3.6;6.4;4.6;;;;;;;;-
KONZERVEK;Babfőzelék kolbásszal;128 ;535;7.4;5.6;12;72.4;1.4;1.2;
KONZERVEK;Csikóstokány;187 ;782;9.1;15.6;2.6;71.2;1.5;0;
KONZERVEK;Gogosári (par.-paprika);48 ;201;2.3;1.1;7.4;;0.7;0.7;
KONZERVEK;Göngyölt hal;66 ;276;9.8;2.4;1.3;;1.2;ny.;
KONZERVEK;Halászlé (400g);117 ;489;16.5;4;3.7;;1.5;0;
KONZERVEK;Halászlé (szegedi) (400g);203 ;849;25.5;10.2;2.3;;1.6;0;
KONZERVEK;Lecsó (rác);25 ;105;0.9;0.2;4.9;;2;;
KONZERVEK;Lecsó (zsíros);69 ;289;1.5;3.7;7.5;;1.5;;
KONZERVEK;Marhahús saját levében;144 ;602;21.8;6.3;0;70.4;1.5;0;
KONZERVEK;Marhamájkrém;252 ;1054;11;20.4;6;61.3;1.3;0;
KONZERVEK;Marhapörkölt;217 ;908;15.6;17.2;0;65.3;1.9;0;
KONZERVEK;Pacalpörkölt;111 ;464;10.6;5.6;4.5;78;1.3;0;
KONZERVEK;Rakott káposzta;91 ;381;2.3;7.3;4;84.1;0.9;1.4;
KONZERVEK;Rácponty (400g);506 ;2117;28.4;30.5;29.4;;1.3;0;
KONZERVEK;Sertéshús saját levében;281 ;1176;15.9;24.1;ny.;59.1;0.9;0;
KONZERVEK;Sertésmájkrém;238 ;996;12.9;18;6;61.6;1.5;0;
KONZERVEK;Sertéspörkölt;181 ;757;12.5;12.6;4.5;68.6;1.8;0;
KONZERVEK;Sólet füstölthússal;122 ;510;7.7;2.8;16.4;70.5;1.7;0.9;
KONZERVEK;Szalontüdő;142 ;594;7.5;10;5.6;75.3;1.6;0;
KONZERVEK;Töltött paprika;121 ;506;4.1;5.8;13.1;75.4;0.9;0.7;
KONZERVEK;Vagdalt hús (különleges);256 ;1071;13;20;6;58.2;2.8;0;
KONZERVEK;Vagdalt hús (Luncheon-meat);260 ;1088;13;20;7;57.2;2.8;0;
KONZERVEK;Vagdalt hús (Reggeli);273 ;1142;13;21;8;55.2;2.8;0;
KONZERVEK;Zakuszka;94 ;393;1;6.8;7.3;;1.4;;
Leveskészítmények;Gulyásleveskocka (REKORD);231 ;966;19;12.7;10.1;;12;0;
Leveskészítmények;Halászlékocka;44 ;184;6.2;1.5;1.4;;18;0;
Leveskészítmények;Tyúkhúsleveskocka (2db 22g);71 ;297;ny.;5.6;5.2;;10;0;
Leveskészítmények;Tyúkhúsleveskocka (cérnametélt);308 ;1288;9.6;7.5;50.6;;8;0;
Levesek;Almaleves;225 ;941;4.2;4.4;42.14.5;1;1.5;5;300;150;3;ny.;
Levesek;Becsinált leves;372 ;1556;16;23.9;23.15;0.8;1.5;5;400;180;3.5;ny.;
Levesek;Burgonyaleves;306 ;1280;6.6;11.4;443.8;0.7;0;20;90;70;1.8;7;
Levesek;Csontleves zöldséggel;69 ;289;2.8;0.4;13.54;1;1.5;0;60;50;0.4;ny.;
Levesek;Gombaleves;193 ;807;4.4;11.7;17.44.5;0.2;0;20;20;350;1.5;0;
Levesek;Gulyásleves ;336 ;1406;18.4;11.1;40.54.8;1;ny.;5;350;180;3.5;6;
Levesek;Halászlé (ponty);165 ;690;24.5;6;3.35.5;ny.;ny.;250;250;60;;0;
Levesek;Húsleves zöldséggel;115 ;481;10.9;1.8;13.74;1;1.5;0;60;50;0.4;ny.;
Levesek;Karalábéleves;231 ;966;6.3;11.25;26.14;0.9;0;20;60;60;0.5;27;
Levesek;Karfiolleves;212 ;887;6.65;12.3;18.93.3;1;0;20;60;100;0.7;15;
Levesek;Lebbencsleves;242 ;1012;5.2;10.7;31.34.5;0.8;0;0;60;30;0.6;4;
Levesek;Meggyleves;257 ;1075;5.17;4.1;49.94.2;0.4;0;10;50;30;0.2;5;
Levesek;Paradicsomleves;255 ;1067;5.2;8;40.44.1;0.9;0.5;0;30;20;0.7;15;
Levesek;Raguleves;325 ;1360;21.2;23.4;7.656.2;1.2;1.5;5;350;180;3.5;0;
Levesek;Rántott leves;230 ;962;3.7;14.3;21.53.8;0.3;0;0;ny.;ny.;ny.;0;
Levesek;Rizsleves;151 ;632;3.1;7.9;16.94.1;0.5;0.7;20;30;25;0.2;0;
Levesek;Sárgaborsókrémleves;268 ;1121;11.4;8.3;36.95.2;0.8;0;0;100;150;0.6;0;
Levesek;Sóskaleves (tejfeles);252 ;1054;4.7;11.3;32.85.3;0.9;2.5;20;30;120;0.4;4;
Levesek;Spárgaleves;249 ;1042;9.2;11.4;27.55;0.8;0;0;120;120;1.3;10;
Levesek;Szárazbableves;318 ;1330;13.2;12.1;395.5;1.5;0;0;200;100;0.6;0;
Levesek;Zellerleves;213 ;891;4.9;15.4;13.74.7;0.8;0;20;40;80;0.3;0;
Levesek;Zöldbableves;233 ;975;6.2;11.9;25.24.2;1.2;0;20;150;150;1;8;
Levesek;Zöldborsóleves;266 ;1113;9.2;9.3;34.75.1;2.2;0;0;150;140;1;11;
Levesek;Zöldségleves;188 ;786;5.4;8.6;22.34;1;1.5;0;60;50;0.4;ny.;
Levesek;Tarhonyaleves;249 ;1042;5;11.5;31.34.5;0.8;0;0;60;30;0.6;4;
Főzelékek és köretek;Almamártás;154 ;644;2.9;3.7;27.20.7;0.7;0;0;25;30;0.3;4.5;
Főzelékek és köretek;Burgonyafőzelék (tejfeles);350 ;1464;7.5;13.4;505;1.3;0;0;60;30;2;11;
Főzelékek és köretek;Burgonya. hasáb;230 ;962;6.3;0.5;504.3;1.3;0;0;70;40;0.7;5.8;
Főzelékek és köretek;Burgonya. héjában főtt;279 ;1167;9.1;;60.63.3;1.3;0;0;140;80;1;2.9;
Főzelékek és köretek;Burgonyakrokett (hagyományos);475 ;1987;11;20.4;622.6;1.5;0;0;150;90;2.7;;
Főzelékek és köretek;Burgonyakrokett (Alutef-edényben;346 ;1447;11.4;8.6;56.52.6;1.5;0;0;150;90;2.7;;
Főzelékek és köretek;Burgonya. majonézes;425 ;1778;5.5;35.5;20.71.8;1;0;ny.;140;80;1.7;12.3;
Főzelékek és köretek;Burgonyapaprikás (hagyományos;353 ;1477;5.3;15.3;48.43.4;1.4;0.1;0;180;80;1;4.4;
Főzelékek és köretek;Burgonyapaprikás (Alutefben);295 ;1234;5.6;7.1;523.4;1.4;0.1;0;180;80;1;6.5;
Főzelékek és köretek;Burgonyapogácsa;418 ;1749;8.8;21;48.41.5;0.8;0;0;30;25;0.8;;
Főzelékek és köretek;Burgonyapüré;267 ;1117;7.6;7.7;423.8;1.3;0;ny.;75;90;0.7;5.6;
Főzelékek és köretek;Burgonya. resztelt (hagyomány.);255 ;1067;6.1;10;233;1.3;0;0;140;80;1;4.3;
Főzelékek és köretek;Burgonya. resztelt (Alutefben);209 ;874;6.3;5;34.53;1.3;0;0;140;80;1;3;
Főzelékek és köretek;Burgonya. szalma (hagyomány.);352 ;1473;2.8;21;383;1.3;0;0;140;80;2.5;3.8;
Főzelékek és köretek;Burgonya. szalma (Alutefben);277 ;1159;5.1;11.1;39.43;1.3;0;0;140;80;2.5;8.7;
Főzelékek és köretek;Finomfőzelék;296 ;1238;8.5;13.6;34.85;2.8;7.2;0;120;90;2;20;
Főzelékek és köretek;Franciasaláta;261 ;1092;3.6;20.8;14.82.5;1.2;2;0;60;50;1.5;8;
Főzelékek és köretek;Galuska;430 ;1799;14;10.2;70.63;0.8;0;0;80;40;0.5;;
Főzelékek és köretek;Kapormártás;159 ;665;2;11;13.13;0.4;ny.;0;ny.;ny.;ny.;;
Főzelékek és köretek;Karalábéfőzelék;265 ;1109;7.7;11.3;33.16;2;0;0;100;100;0.8;30;
Főzelékek és köretek;Kelkáposzta-főzelék;282 ;1180;9.5;10.9;36.54.2;0.9;ny.;0;140;210;3;49;
Főzelékek és köretek;Lecsó (hagyományosan);170 ;711;3.5;12.1;11.74;0.8;0.8;0;230;100;0.8;36.7;
Főzelékek és köretek;Lecsó (Alutef-edényben);166 ;694;3;12.1;11.24;0.8;0.8;0;230;100;0.8;52.5;
Főzelékek és köretek;Lencsefőzelék;507 ;2121;28.3;14.9;656;4;0;0;290;240;;;
Főzelékek és köretek;Majonéz (100g);836 ;3497;5;831;-1.4;0;ny.;0;10;30;0.1;;
Főzelékek és köretek;Paradicsommártás;203 ;849;3;8.5;28.73;1;0.5;0;30;15;0.7;14;
Főzelékek és köretek;Paradicsomos káposzta;265 ;1109;7.5;9.9;36.72.2;1.5;0.5;0;90;110;2.6;28.2;
Főzelékek és köretek;Parajfőzelék;276 ;1155;9.8;17.1;20.78.5;1.2;9;0;160;400;2.5;60;
Főzelékek és köretek;Párolt rizs;349 ;1460;6.4;8.2;62.43.5;0.4;0;0;60;40;1;;
Főzelékek és köretek;Pásztortarhony;524 ;2192;14;13.6;86.44.3;1.5;0.1;0;120;60;2.5;;
Főzelékek és köretek;Rizibizi;340 ;1422;8.2;10.1;542.5;1.2;ny.;0;90;80;1;;
Főzelékek és köretek;Sárgaborsó-főzelék;460 ;1924;24.3;11.6;64.35.8;3.7;;0;160;240;1;;
Főzelékek és köretek;Sóskamártás;212 ;887;3.4;11.3;24.12.9;0.3;1.8;0;20;50;0.2;10;
Főzelékek és köretek;Tartármártás;400 ;1673;1.5;41.2;5.91.5;0;ny.;ny.;10;50;0.1;;
Főzelékek és köretek;Tarhonya ;396 ;1657;11.2;12.1;60.52.8;0.7;0;0;70;35;0.4;;
Főzelékek és köretek;Tormamártás;168 ;703;2.3;11;152.2;0.6;0;0;ny.;ny.;ny.;;
Főzelékek és köretek;Tökfőzelék;267 ;1117;5.2;14.6;28.65.4;1.6;0;0;80;160;2;4;
Főzelékek és köretek;Zöldbabfőzelék (tejfeles);250 ;1046;6.9;13.6;254.4;2;0.3;0;240;240;1.5;20;
Főzelékek és köretek;Zöldborsófőzelék;369 ;1544;16.7;11.6;49.54.8;5.4;0.6;0;320;240;2;35;
Főzelékek és köretek;Zöldségkrokett;195 ;816;5.8;9.5;21.82.5;1.2;1;0;60;50;1.5;;
Főzelékek és köretek;Zsemlegombóc;270 ;1130;7.4;10;37.72.5;0.6;0;0;60;40;0.6;0;
Húsok és húsételek;Borsos marhatokány;457 ;1912;18;40.4;5.34.2;ny.;ny.;20;110;160;4.5;;
Húsok és húsételek;Csirkepaprikás;374 ;1565;34.4;23.1;7.14.5;0;0;;200;230;12;2.5;
Húsok és húsételek;Csirke. rántva;561 ;2347;36.4;30.8;34.54.2;0;0;;180;220;10;2.1;
Húsok és húsételek;Csirkesült (gázsütőben);456 ;1908;53;26.6;0.73.1;0;0;;220;250;15;4;
Húsok és húsételek;Csirkesült (grillsütőben);381 ;1594;47.1;21;0.82.8;0;0;;220;250;15;4;
Húsok és húsételek;Csirkesült (Teflon-edényben);417 ;1744;56.1;21.8;0.73.4;0;0;;220;250;15;3.9;
Húsok és húsételek;Erdélyi rakottkáposzta;687 ;2874;24;52.7;29.25.5;2.8;0;8;600;250;5.5;20;
Húsok és húsételek;Párizsiszelet. zsírtalan (hagyom.);223 ;933;20.7;12.1;7.83.5;0;0;6;600;280;6;1;
Húsok és húsételek;Párizsiszelet. zsírtalan (Alutefben;197 ;824;24.9;7.8;6.93.5;0;0;6;600;280;6;1;
Húsok és húsételek;Párizsiszelet. félzsíros (hagyom.);241 ;1008;17.7;15.4;7.73.5;0;0;6;500;250;5;1;
Húsok és húsételek;Párizsiszelet. félzsíros (Alutefben;215 ;899;23.4;10.3;73.5;0;0;6;500;250;5;1;
Húsok és húsételek;Ponty rántva;507 ;2121;32.9;28.6;29.52.8;0;0;300;260;60;;0;
Húsok és húsételek;Rakott burgonya;523 ;2188;13.3;19.6;73.55.8;1.5;0;ny.;200;120;3;9.7;
Húsok és húsételek;Rakott kelkáposzta;425 ;1778;23.2;19.4;39.64.2;0.4;ny.;6;550;250;6;8.8;
Húsok és húsételek;Rizseshús (szerb);725 ;3033;24;40.5;66.14.5;0.8;ny.;6;600;220;5;1;
Húsok és húsételek;Serpenyős rostélyos;283 ;1184;21.9;18.5;7.35;ny.;0;20;130;170;5;ny.;
Húsok és húsételek;Sertésmáj. pirított;360 ;1506;20.1;28.3;6.24.5;0;ny.;3000;300;2000;14.5;15.2;
Húsok és húsételek;Sertéspörkölt (hagyományosan);335 ;1401;19.7;28.2;0.73.8;0;ny.;8;650;240;5;1;
Húsok és húsételek;Sertéspörkölt (Alutef-edényben);241 ;1008;21.4;17;0.63.8;0;ny.;8;650;240;5;1;
Húsok és húsételek;Sertéssült. natúr. zsírtalan (hagy.);149 ;623;20.3;5.6;4.33.8;0;ny.;8;680;280;6;1;
Húsok és húsételek;Sertéssült. natúr. zsírtalan (Alut.);118 ;494;18.3;3.7;2.13.8;0;ny.;8;650;280;6;1;
Húsok és húsételek;Sertéssült. natúr. félzsíros (hagy.);255 ;1067;29.5;13.6;3.63.8;0;ny.;0;650;260;5.5;0.9;
Húsok és húsételek;Sertéssült. natúr. félzsíros (Alut.);217 ;908;27.6;10;4.13.8;0;ny.;0;650;260;5.5;0.9;
Húsok és húsételek;Sertésszelet. rántva. zsírtalan (h.);276 ;1155;23.8;14.9;11.63.8;0;ny.;0;680;280;6;1;
Húsok és húsételek;Sertésszelet. rántva. zsírtalan (A.);226 ;945;28.4;6.3;13.93.8;0;ny.;0;680;280;6;1;
Húsok és húsételek;Sertésszelet. rántva. félzsíros (h.);349 ;1460;26.2;19.9;16.23.8;0;ny.;0;650;260;5.5;0.9;
Húsok és húsételek;Sertésszelet. rántva. félzsíros (A.);281 ;1176;27;10.1;20.63.8;0;ny.;0;650;260;5.5;0.9;
Húsok és húsételek;Sertésszelet. tejfeles. gombás;390 ;1632;17;31.8;93.8;0;ny.;110;700;250;5;1;
Húsok és húsételek;Sertéstokány;406 ;1698;17.7;35.4;4.23.8;0;0;8;600;200;5;1;
Húsok és húsételek;Spagetti;681 ;2849;23.3;28;83.93.6;0.8;0;0;60;100;0;0;
Húsok és húsételek;Stefánia vagdalt;391 ;1636;21.3;24.7;20.84.5;ny.;ny.;17;250;250;4.5;;
Húsok és húsételek;Szalontüdő zsemlegombóccal;719 ;3008;49.9;33.8;53.75.5;0;;;160;250;12;;
Húsok és húsételek;Székelykáposzta;568 ;2376;22.6;45.1;17.64.5;3.2;;8;650;250;6.2;20;
Húsok és húsételek;Tarhonyás hús;753 ;3150;29.5;43;62.15.2;0.4;ny.;8;600;250;6;8;
Húsok és húsételek;Tőkehalfilé rántva;467 ;1954;20.5;27.4;34.74.5;ny.;0;;80;40;;;
Húsok és húsételek;Töltött hús;409 ;1711;17;31.4;14.76;ny.;0;8;600;200;5;1;
Húsok és húsételek;Töltött káposzta;612 ;2560;21.5;42.4;36.26;3.8;0;6;200;180;4;25;
Húsok és húsételek;Töltött paprika;677 ;2832;22.1;32.8;73.33.1;0.4;0.6;6;450;180;5;35;
Húsok és húsételek;Vadas marhasült;721 ;3016;34.4;32.9;71.94.5;0.7;0.3;8;150;200;4;ny.;
Húsok és húsételek;Vagdalt hús (szelet) (hagyomány);276 ;1155;20.8;14.8;14.94.5;ny.;ny.;17;250;250;4.5;;
Húsok és húsételek;Vagdalt hús (szelet) (Alutefben);257 ;1075;18.5;14.2;13.84.5;ny.;ny.;17;250;250;4.5;;
Húsok és húsételek;Vagdalt pogácsa (hagyományos.);291 ;1217;21;16;15.94.5;ny.;ny.;17;250;250;4.5;;
Húsok és húsételek;Vagdalt pogácsa (Alutef-edény);281 ;1176;22.5;14.6;16.14.5;ny.;ny.;17;250;250;4.5;;
Húsok és húsételek;Vesevelő;310 ;1297;21.6;24.4;1.13;0;;120;300;400;9;12.4;
Tészták. édességek;Borsodó;126 ;527;2.9;2.1;23.61.1;n;ny.;100;60;80;0.5;0;
Tészták. édességek;Fánk;388 ;1623;10.1;12.4;590.8;0;ny.;80;150;150;2.5;0;
Tészták. édességek;Krémes lepény;348 ;1456;7.9;16.4;42.31.3;0.1;ny.;100;60;80;0.5;0;
Tészták. édességek;Madártej;266 ;1113;9.2;7.4;40.71;0;ny.;60;60;180;0.2;0;
Tészták. édességek;Máglyarakás;833 ;3485;17.7;29.7;123.81.3;0.8;0;80;75;300;0.7;0;
Tészták. édességek;Női szeszély;278 ;1163;4.5;4.5;42.31;0.1;ny.;15;20;30;0.3;0;
Tészták. édességek;Palacsinta (hagyományosan);226 ;945;5.2;11.8;24.60.8;0.2;ny.;25;40;80;0.6;0;
Tészták. édességek;Palacsinta (Alutef-edényben);161 ;674;6.4;3.8;25.30.8;0.2;ny.;25;40;80;0.6;0;
Tészták. édességek;Piskótatekercs;244 ;1021;4.9;3.2;48.91;0.1;ny.;30;40;70;0.4;0;
Tészták. édességek;Réteslap;167 ;699;3;7;230.9;0.7;0;0;30;10;0.3;0;
Tészták. édességek;Rizsfelfújt;551 ;2305;10.9;21.5;78.41.8;0.3;ny.;20;50;150;0.4;0;
Tészták. édességek;Tejsodó;560 ;2343;5.1;3.8;26.51;ny.;ny.;110;50;130;0.3;0;
Tészták. édességek;Túrós csusza;733 ;3066;27.7;30.2;87.53.9;0.7;ny.;100;80;120;1.6;0;
Tészták. édességek;Túrós rétes;525 ;2196;20;29.4;451.9;0;ny.;180;30;150;0.5;0;
Cukorkák;Csokoládés furé;426 ;1782;1.1;8.3;86.8;59.7;4.1;1.2;21.8;0.3;0.2;3.3;
Cukorkák;Frutti karamella;397 ;1661;2.6;5.4;84.6;64.6;2.6;;17.4;0.2;;7.2;
Cukorkák;Gyümölcszselé;836 ;3497;;;84.8;62.8;3.4;;18.6;0.2;;15;
Cukorkák;Konzum szaloncukor;368 ;1539;0.1;0.1;91.6;83.7;1.3;;6.6;0.2;;8;
Cukorkák;Krém szalomcukor;369 ;1544;0.5;1.1;89.2;79.4;1.5;;8.3;0.1;0.1;9;
Cukorkák;Meggyfuré;378 ;1581;;;94.4;54;5.7;;34.7;0.2;;5.4;
Cukorkák;Peti karamella;425 ;1778;1.8;10.5;80.7;53.2;4.1;2.4;21;0.5;;6.5;
Cukorkák;Puha karamella;416 ;1740;2.1;9.4;80.8;59.5;2.5;2.3;16.5;0.5;0.2;7;
Cukorkák;Tejfuré;383 ;1602;1.1;1.2;91.8;51.7;5.5;7.8;26.8;0.5;;5.4;
Cukorkák;Tejkaramella;438 ;1832;2.2;11.4;81.6;52.8;4.3;3.2;21.3;0.7;;4.1;
Cukorkák;Töltetlen erős. savanyú cukorka;396 ;1657;;;98.9;66.5;5.3;;27.1;0.1;;1;
Cukorkák;Töltött erős. savanyú cukorka;388 ;1623;;;97;63.8;5.4;;27.4;0.2;;2.8;
Cukorkák;Töltött mézcukorka;388 ;1623;;;97;59.2;8.2;;29.6;0.2;;2.8;
Cukorkák;Töltött nugátos selyemcukorka;424 ;1774;1.7;5.9;91.1;66.6;4;;20.5;0.4;0.1;0.8;
Drazsék;Csokoládés krémzselé;418 ;1749;1.4;9.5;81.7;71.7;1.1;;8.9;0.4;0.4;6.6;
Drazsék;Csokoládés mogyoródrazsé;532 ;2226;7.2;30.2;57.8;47.9;;;9.9;1.5;1.5;1.8;
Drazsék;Csokoládés zselédrazsé;408 ;1707;2.1;10;77.5;62.1;1.6;;13.8;0.7;0.5;9.2;
Drazsék;Földimogyorós cukordrazsé;494 ;2067;12.5;22.2;61.1;44.8;1;;15.3;1.4;1.1;1.7;
Drazsék;Franciadrazsé;470 ;1966;2.5;16;78.9;71.8;0.2;;7;0.6;0.5;1.5;
Csokoládés áruk;Arany desszert;510 ;2134;6.8;30;53.1;42.2;0.5;0.2;10.2;1.2;1.1;7.8;
Csokoládés áruk;Kókuszkocka;469 ;1962;2.6;20.4;68.7;57.4;1.1;;10.2;0.6;1.1;6.6;
Csokoládés áruk;Korfu;467 ;1954;2.1;18.8;72.4;53.6;2.4;;16.4;0.3;0.3;6.1;
Csokoládés áruk;Meggy krémcsokoládé;472 ;1975;2.7;21.1;67.7;57.1;0.3;;10.3;0.6;0.6;7.3;
Csokoládés áruk;Mogyorós krémcsokoládé;589 ;2464;6.5;40.2;50.2;41.2;;3.7;5.3;1.4;0.7;1;
Csokoládék;"""BOCI"" tejcsokoládé";554 ;2318;9.3;34.1;52.8;39.1;;10.7;3;2.1;0.3;1.4;
Csokoládék;Diabetikus étcsokoládé;563 ;2355;5.3;36.2;53.9;;Szorbit 42.2;;11.7;1.2;1.2;2.2;
Csokoládék;Diabetikus tejcsokoládé;584 ;2443;6.8;42;46.9;;Szorbit 35.9;6.3;4.7;1.5;0.5;2.3;
Csokoládék;Étcsokoládé;562 ;2351;4.6;35;57.1;47.2;;;9.9;1;1;1.3;
Csokoládék;Étmacskanyelv;573 ;2397;4.6;37.3;54.6;44.7;;;9.9;1.1;1.1;1.3;
Csokoládék;Háztartási csokoládé;553 ;2313;1.9;32;64.3;60.2;;;4.1;0.4;0.4;1;
Csokoládék;Különleges keserű csokoládé;596 ;2493;4.8;42.3;49.4;39.7;;;9.7;1.1;1.1;1.3;
Csokoládék;Mogyorós étcsokoládé;602 ;2518;7.3;44.2;43.7;33.5;;;10.2;1.5;1.6;1.7;
Csokoládék;Mogyorós tejcsokoládé;611 ;2556;8.9;45.6;41.3;30.6;;5.2;5.5;1.8;1.1;1.3;
Csokoládék;Mokkás étcsokoládé;560 ;2343;4.8;35.2;56;45.1;;;11;1.1;1.6;1.3;
Csokoládék;Mokkás tejcsokoládé;581 ;2431;9.3;34.7;51.9;37.5;;10.1;4.3;2.1;0.9;1.1;
Csokoládék;"""TIBI"" tejcsokoládé";570 ;2385;7.7;36.8;52.1;49.9;;8.7;3.5;1.8;0.4;1.2;
Csokoládék;Tejszínes csokoládé;564 ;2359;8.9;35.9;51.2;38.1;;10.2;2.9;2;0.3;1.7;
Nugátok;"""BANDI"". ""MARIKA"" zsírnugátok";540 ;2259;4.5;29.8;63.4;58.3;;1;4.1;0.9;0.5;0.9;
Nugátok;"""CSEMEGE"" táblás nugát";557 ;2330;8.5;34.1;53.9;41.7;;8.3;3.9;1.9;0.5;1.1;
Nugátok;"""KEDVENC"" táblás nugát";545 ;2280;6.4;31.4;59.1;49.7;;6.5;2.9;1.4;0.6;1.1;
Nugátok;"""ŰRHAJÓS"". ""SPORT"" fondános";462 ;1933;4.7;21.1;65.9;52.2;0.7;3.7;9.3;1;0.4;6.9;
Tatrós sütemények;"""DUDU"" keksz";433 ;1811;8.5;10.8;75.5;18.2;;0.3;57;1.1;;4.1;
Tatrós sütemények;Háztartási keksz;392 ;1640;9.8;6.8;78;18.1;0.4;;59.5;1.2;0.2;4;
Tatrós sütemények;Sós ropogós keksz;464 ;1941;9.9;18.8;63.8;1.3;;1.5;61;4.8;0.1;2.6;
Tatrós sütemények;"""PIKNIK"" sajtos keksz";491 ;2054;15.4;25;51;;;0.9;50.1;3.3;0.1;5.2;
Tatrós sütemények;"""SIRE-SIRE"" keksz";443 ;1853;8.7;12;75.1;18.7;;0.9;55.5;1;0.1;3.1;
Tatrós sütemények;Tv-linzer;491;2054;7.9;20.3;69.1;22.6;;0.3;46.2;0.6;0.1;2;
Ostyák (nápolyi);Citromos-narancsos töltött ostya;555 ;2322;3.2;32.1;63.4;28.3;9.6;0.2;25.3;0.1;0.3;0.9;
Ostyák (nápolyi);Extra ropogós ostya;560 ;2343;3.7;33.6;60.7;26.7;8.8;0.2;25;0.2;0.3;1.5;
Ostyák (nápolyi);Parány;510 ;2134;7.1;23.9;66.6;37.6;;0.2;28.8;0.7;0.3;1.4;
Egyebek;Cukor (fehér kristály. kocka);400 ;1673;0;0;99.9;99.9;0;0;0;ny.;0;0.1;
Egyebek;Fagylalt. gyümölcs (citrom. nar.);126 ;527;3;0;28.5;;;;;0.04;0;68.5;
Egyebek;Fagylalt. gyümölcs (egyéb);130 ;544;0;ny.;32.6;;;;;0.3;ny.;67.4;
Egyebek;Fagylalt. tejes (vanília. kávé.csoki;172 ;720;4.3;3.8;30.1;;;;;0.5;0;61.3;
Egyebek;Fagylalt. tejszínes (kókusz);214 ;895;7.2;6.4;36.9;;;;;0.4;0;50;
Egyebek;Kakaópor;442 ;1849;19;22;42;;;;;5.9;4.6;6.5;
Egyebek;Méz;326 ;1364;0.4;0;81;;;;;0.2;;18.4;
Egyebek;Puddingpor (különféle ízesítéssel);347 ;1452;0.8;ny.;85.9;;;;;0.8;0;12.5;
